{
  "elapse": 121.69410586357117,
  "accuracy": 0.86564
}
